category;name;code;price
creamy;Vanille;CR2001;4
creamy;Chocolat;CR2002;4
creamy;Caramel;CR2003;4
creamy;Praliné;CR2004;4
creamy;Tiramisu;CR2005;4
creamy;Panna Cotta;CR2006;4
creamy;Crème Caramel;CR2007;4
creamy;Lait - Fraise;CR2008;4,75
creamy;Lait - Cerise;CR2009;4,75
creamy;Noisette;CR2010;4,75
creamy;Amande;CR2011;4,75
creamy;Lait - Menthe;CR2012;4,75
creamy;Pomme façon Tatin;CR2013;4,75
creamy;Citron - meringue;CR2014;4,75
creamy;Fraise façon crumble;CR2015;4,75
fruity;Cerise;FR1201;4,9
fruity;Fraise;FR1202;4,9
fruity;Pomme;FR1203;4,9
fruity;Citron;FR1204;4,9
fruity;Mangue;FR1205;4,9
fruity;Pamplemousse;FR1206;4,9
fruity;Orange;FR1207;4,9
fruity;Orange sanguine;FR1208;4,9
fruity;Mandarine;FR1209;4,9
fruity;Poire;FR1210;4,9
fruity;Pomme - Poire;FR1211;4,9
fruity;Pruneaux d'Agen;FR1212;4,9
fruity;Banane;FR1213;4,9
fruity;Coco;FR1214;4,9
fruity;Menthe;FR1215;4,9
fruity;Fraise des bois;FR1216;4,9
fruity;Anis;FR1217;4,9
fruity;Carotte;FR1218;4,9
fruity;Asperge;FR1219;4,9
fruity;Menthe Forte;FR1220;4,9
fruity;Raisin;FR1221;4,9
tri-taste;Lait - Fraise � Cerise;TR0012;5
tri-taste;Lait - Pomme - Cerise;TR0013;5
tri-taste;Lait - Citron - Cerise;TR0014;5
tri-taste;Lait - Mangue - Cerise;TR0015;5
tri-taste;Lait - Pamplemousse - Cerise;TR0016;5
tri-taste;Lait - Orange - Cerise;TR0017;5
tri-taste;Lait - Orange sanguine - Cerise;TR0018;5
tri-taste;Lait - Mandarine - Cerise;TR0019;5
tri-taste;Lait - Poire - Cerise;TR0020;5
tri-taste;Lait - Pruneaux - Cerise;TR0021;5
tri-taste;Lait - Banane - Cerise;TR0022;5
tri-taste;Lait - Coco - Cerise;TR0023;5
tri-taste;Lait - Menthe - Cerise;TR0024;5
tri-taste;Lait - Fraise des bois - Cerise;TR0025;5
tri-taste;Lait - Anis - Cerise;TR0026;5
tri-taste;Lait - Carotte - Cerise;TR0027;5
tri-taste;Lait - Menthe Forte - Cerise;TR0028;5
tri-taste;Lait - Raisin - Cerise;TR0029;5
tri-taste;Lait - Pomme - Fraise;TR0030;5
tri-taste;Lait - Citron - Fraise;TR0031;5
tri-taste;Lait - Mangue - Fraise;TR0032;5
tri-taste;Lait - Pamplemousse - Fraise;TR0033;5
tri-taste;Lait - Orange - Fraise;TR0034;5
tri-taste;Lait - Orange sanguine - Fraise;TR0035;5
tri-taste;Lait - Mandarine - Fraise;TR0036;5
tri-taste;Lait - Poire - Fraise;TR0037;5
tri-taste;Lait - Pruneaux - Fraise;TR0038;5
tri-taste;Lait - Banane - Fraise;TR0039;5
tri-taste;Lait - Coco - Fraise;TR0040;5
tri-taste;Lait - Menthe - Fraise;TR0041;5
tri-taste;Lait - Fraise des bois - Fraise;TR0042;5
tri-taste;Lait - Anis - Fraise;TR0043;5
tri-taste;Lait - Carotte - Fraise;TR0044;5
tri-taste;Lait - Menthe Forte - Fraise;TR0045;5
tri-taste;Lait - Raisin - Fraise;TR0046;5
tri-taste;Lait - Mangue - Citron;TR0047;5
tri-taste;Lait - Pamplemousse - Citron;TR0048;5
tri-taste;Lait - Orange - Citron;TR0049;5
tri-taste;Lait - Orange sanguine - Citron;TR0050;5
tri-taste;Lait - Mandarine - Citron;TR0051;5
tri-taste;Lait - Poire - Citron;TR0052;5
tri-taste;Lait - Pruneaux - Citron;TR0053;5
tri-taste;Lait - Banane - Citron;TR0054;5
tri-taste;Lait - Coco - Citron;TR0055;5
tri-taste;Lait - Menthe - Citron;TR0056;5
tri-taste;Lait - Fraise des bois - Citron;TR0057;5
tri-taste;Lait - Anis - Citron;TR0058;5
tri-taste;Lait - Carotte - Citron;TR0059;5
tri-taste;Lait - Menthe Forte - Citron;TR0060;5
tri-taste;Lait - Raisin - Citron;TR0061;5
tri-taste;Lait - Citron - Pomme;TR0062;5
tri-taste;Lait - Mangue - Pomme;TR0063;5
tri-taste;Lait - Pamplemousse - Pomme;TR0064;5
tri-taste;Lait - Orange - Pomme;TR0065;5
tri-taste;Lait - Orange sanguine - Pomme;TR0066;5
tri-taste;Lait - Mandarine - Pomme;TR0067;5
tri-taste;Lait - Poire - Pomme;TR0068;5
tri-taste;Lait - Pruneaux - Pomme;TR0069;5
tri-taste;Lait - Banane - Pomme;TR0070;5
tri-taste;Lait - Coco - Pomme;TR0071;5
tri-taste;Lait - Menthe - Pomme;TR0072;5
tri-taste;Lait - Fraise des bois - Pomme;TR0073;5
tri-taste;Lait - Anis - Pomme;TR0074;5
tri-taste;Lait - Carotte - Pomme;TR0075;5
tri-taste;Lait - Menthe Forte - Pomme;TR0076;5
tri-taste;Lait - Raisin - Pomme;TR0077;5
tri-taste;Lait - Pamplemousse - Mangue;TR0078;5
tri-taste;Lait - Orange - Mangue;TR0079;5
tri-taste;Lait - Orange sanguine - Mangue;TR0080;5
tri-taste;Lait - Mandarine - Mangue;TR0081;5
tri-taste;Lait - Poire - Mangue;TR0082;5
tri-taste;Lait - Pruneaux - Mangue;TR0083;5
tri-taste;Lait - Banane - Mangue;TR0084;5
tri-taste;Lait - Coco - Mangue;TR0085;5
tri-taste;Lait - Menthe - Mangue;TR0086;5
tri-taste;Lait - Fraise des bois - Mangue;TR0087;5
tri-taste;Lait - Anis - Mangue;TR0088;5
tri-taste;Lait - Carotte - Mangue;TR0089;5
tri-taste;Lait - Menthe Forte - Mangue;TR0090;5
tri-taste;Lait - Raisin - Mangue;TR0091;5
tri-taste;Lait - Orange sanguine - Orange;TR0092;5
tri-taste;Lait - Mandarine - Orange;TR0093;5
tri-taste;Lait - Poire - Orange;TR0094;5
tri-taste;Lait - Pruneaux - Orange;TR0095;5
tri-taste;Lait - Banane - Orange;TR0096;5
tri-taste;Lait - Coco - Orange;TR0097;5
tri-taste;Lait - Menthe - Orange;TR0098;5
tri-taste;Lait - Fraise des bois - Orange;TR0099;5
tri-taste;Lait - Anis - Orange;TR0100;5
tri-taste;Lait - Carotte - Orange;TR0101;5
tri-taste;Lait - Menthe Forte - Orange;TR0102;5
tri-taste;Lait - Raisin - Orange;TR0103;5
tri-taste;Lait - Orange - Pamplemousse;TR0104;5
tri-taste;Lait - Orange sanguine - Pamplemousse;TR0105;5
tri-taste;Lait - Mandarine - Pamplemousse;TR0106;5
tri-taste;Lait - Poire - Pamplemousse;TR0107;5
tri-taste;Lait - Pruneaux - Pamplemousse;TR0108;5
tri-taste;Lait - Banane - Pamplemousse;TR0109;5
tri-taste;Lait - Coco - Pamplemousse;TR0110;5
tri-taste;Lait - Menthe - Pamplemousse;TR0111;5
tri-taste;Lait - Fraise des bois - Pamplemousse;TR0112;5
tri-taste;Lait - Anis - Pamplemousse;TR0113;5
tri-taste;Lait - Carotte - Pamplemousse;TR0114;5
tri-taste;Lait - Menthe Forte - Pamplemousse;TR0115;5
tri-taste;Lait - Raisin - Pamplemousse;TR0116;5
tri-taste;Lait - Mandarine - Orange sanguine;TR0117;5
tri-taste;Lait - Poire - Orange sanguine;TR0118;5
tri-taste;Lait - Pruneaux - Orange sanguine;TR0119;5
tri-taste;Lait - Banane - Orange sanguine;TR0120;5
tri-taste;Lait - Coco - Orange sanguine;TR0121;5
tri-taste;Lait - Menthe - Orange sanguine;TR0122;5
tri-taste;Lait - Fraise des bois - Orange sanguine;TR0123;5
tri-taste;Lait - Anis - Orange sanguine;TR0124;5
tri-taste;Lait - Carotte - Orange sanguine;TR0125;5
tri-taste;Lait - Menthe Forte - Orange sanguine;TR0126;5
tri-taste;Lait - Raisin - Orange sanguine;TR0127;5
tri-taste;Lait - Pruneaux - Poire;TR0128;5
tri-taste;Lait - Banane - Poire;TR0129;5
tri-taste;Lait - Coco - Poire;TR0130;5
tri-taste;Lait - Menthe - Poire;TR0131;5
tri-taste;Lait - Fraise des bois - Poire;TR0132;5
tri-taste;Lait - Anis - Poire;TR0133;5
tri-taste;Lait - Carotte - Poire;TR0134;5
tri-taste;Lait - Menthe Forte - Poire;TR0135;5
tri-taste;Lait - Raisin - Poire;TR0136;5
tri-taste;Lait - Poire - Mandarine;TR0137;5
tri-taste;Lait - Pruneaux - Mandarine;TR0138;5
tri-taste;Lait - Banane - Mandarine;TR0139;5
tri-taste;Lait - Coco - Mandarine;TR0140;5
tri-taste;Lait - Menthe - Mandarine;TR0141;5
tri-taste;Lait - Fraise des bois - Mandarine;TR0142;5
tri-taste;Lait - Anis - Mandarine;TR0143;5
tri-taste;Lait - Carotte - Mandarine;TR0144;5
tri-taste;Lait - Menthe Forte - Mandarine;TR0145;5
tri-taste;Lait - Raisin - Mandarine;TR0146;5
tri-taste;Lait - Banane - Pruneaux d'Agen;TR0147;5
tri-taste;Lait - Coco - Pruneaux d'Agen;TR0148;5
tri-taste;Lait - Menthe - Pruneaux d'Agen;TR0149;5
tri-taste;Lait - Fraise des bois - Pruneaux d'Agen;TR0150;5
tri-taste;Lait - Anis - Pruneaux d'Agen;TR0151;5
tri-taste;Lait - Carotte - Pruneaux d'Agen;TR0152;5
tri-taste;Lait - Menthe Forte - Pruneaux d'Agen;TR0153;5
tri-taste;Lait - Raisin - Pruneaux d'Agen;TR0154;5
tri-taste;Lait - Menthe - Coco;TR0155;5
tri-taste;Lait - Fraise des bois - Coco;TR0156;5
tri-taste;Lait - Anis - Coco;TR0157;5
tri-taste;Lait - Carotte - Coco;TR0158;5
tri-taste;Lait - Menthe Forte - Coco;TR0159;5
tri-taste;Lait - Raisin - Coco;TR0160;5
tri-taste;Lait - Coco - Banane;TR0161;5
tri-taste;Lait - Menthe - Banane;TR0162;5
tri-taste;Lait - Fraise des bois - Banane;TR0163;5
tri-taste;Lait - Anis - Banane;TR0164;5
tri-taste;Lait - Carotte - Banane;TR0165;5
tri-taste;Lait - Menthe Forte - Banane;TR0166;5
tri-taste;Lait - Raisin - Banane;TR0167;5
tri-taste;Lait - Carotte - Anis;TR0168;5
tri-taste;Lait - Menthe Forte - Anis;TR0169;5
tri-taste;Lait - Raisin - Anis;TR0170;5
tri-taste;Lait - Anis - Fraise des bois;TR0171;5
tri-taste;Lait - Carotte - Fraise des bois;TR0172;5
tri-taste;Lait - Menthe Forte - Fraise des bois;TR0173;5
tri-taste;Lait - Raisin - Fraise des bois;TR0174;5
tri-taste;Lait - Fraise des bois - Menthe;TR0175;5
tri-taste;Lait - Anis - Menthe;TR0176;5
tri-taste;Lait - Carotte - Menthe;TR0177;5
tri-taste;Lait - Menthe Forte - Menthe;TR0178;5
tri-taste;Lait - Raisin - Menthe;TR0179;5
tri-taste;Cola - Fraise - Cerise;TR0180;5
tri-taste;Cola - Pomme - Cerise;TR0181;5
tri-taste;Cola - Citron - Cerise;TR0182;5
tri-taste;Cola - Mangue - Cerise;TR0183;5
tri-taste;Cola - Pamplemousse - Cerise;TR0184;5
tri-taste;Cola - Orange - Cerise;TR0185;5
tri-taste;Cola - Orange sanguine - Cerise;TR0186;5
tri-taste;Cola - Mandarine - Cerise;TR0187;5
tri-taste;Cola - Poire - Cerise;TR0188;5
tri-taste;Cola - Pruneaux - Cerise;TR0189;5
tri-taste;Cola - Banane - Cerise;TR0190;5
tri-taste;Cola - Coco - Cerise;TR0191;5
tri-taste;Cola - Menthe - Cerise;TR0192;5
tri-taste;Cola - Fraise des bois - Cerise;TR0193;5
tri-taste;Cola - Anis - Cerise;TR0194;5
tri-taste;Cola - Carotte - Cerise;TR0195;5
tri-taste;Cola - Menthe Forte - Cerise;TR0196;5
tri-taste;Cola - Raisin - Cerise;TR0197;5
tri-taste;Cola - Pomme - Fraise;TR0198;5
tri-taste;Cola - Citron - Fraise;TR0199;5
tri-taste;Cola - Mangue - Fraise;TR0200;5
tri-taste;Cola - Pamplemousse - Fraise;TR0201;5
tri-taste;Cola - Orange - Fraise;TR0202;5
tri-taste;Cola - Orange sanguine - Fraise;TR0203;5
tri-taste;Cola - Mandarine - Fraise;TR0204;5
tri-taste;Cola - Poire - Fraise;TR0205;5
tri-taste;Cola - Pruneaux - Fraise;TR0206;5
tri-taste;Cola - Banane - Fraise;TR0207;5
tri-taste;Cola - Coco - Fraise;TR0208;5
tri-taste;Cola - Menthe - Fraise;TR0209;5
tri-taste;Cola - Fraise des bois - Fraise;TR0210;5
tri-taste;Cola - Anis - Fraise;TR0211;5
tri-taste;Cola - Carotte - Fraise;TR0212;5
tri-taste;Cola - Menthe Forte - Fraise;TR0213;5
tri-taste;Cola - Raisin - Fraise;TR0214;5
tri-taste;Cola - Mangue - Citron;TR0215;5
tri-taste;Cola - Pamplemousse - Citron;TR0216;5
tri-taste;Cola - Orange - Citron;TR0217;5
tri-taste;Cola - Orange sanguine - Citron;TR0218;5
tri-taste;Cola - Mandarine - Citron;TR0219;5
tri-taste;Cola - Poire - Citron;TR0220;5
tri-taste;Cola - Pruneaux - Citron;TR0221;5
tri-taste;Cola - Banane - Citron;TR0222;5
tri-taste;Cola - Coco - Citron;TR0223;5
tri-taste;Cola - Menthe - Citron;TR0224;5
tri-taste;Cola - Fraise des bois - Citron;TR0225;5
tri-taste;Cola - Anis - Citron;TR0226;5
tri-taste;Cola - Carotte - Citron;TR0227;5
tri-taste;Cola - Menthe Forte - Citron;TR0228;5
tri-taste;Cola - Raisin - Citron;TR0229;5
tri-taste;Cola - Citron - Pomme;TR0230;5
tri-taste;Cola - Mangue - Pomme;TR0231;5
tri-taste;Cola - Pamplemousse - Pomme;TR0232;5
tri-taste;Cola - Orange - Pomme;TR0233;5
tri-taste;Cola - Orange sanguine - Pomme;TR0234;5
tri-taste;Cola - Mandarine - Pomme;TR0235;5
tri-taste;Cola - Poire - Pomme;TR0236;5
tri-taste;Cola - Pruneaux - Pomme;TR0237;5
tri-taste;Cola - Banane - Pomme;TR0238;5
tri-taste;Cola - Coco - Pomme;TR0239;5
tri-taste;Cola - Menthe - Pomme;TR0240;5
tri-taste;Cola - Fraise des bois - Pomme;TR0241;5
tri-taste;Cola - Anis - Pomme;TR0242;5
tri-taste;Cola - Carotte - Pomme;TR0243;5
tri-taste;Cola - Menthe Forte - Pomme;TR0244;5
tri-taste;Cola - Raisin - Pomme;TR0245;5
tri-taste;Cola - Pamplemousse - Mangue;TR0246;5
tri-taste;Cola - Orange - Mangue;TR0247;5
tri-taste;Cola - Orange sanguine - Mangue;TR0248;5
tri-taste;Cola - Mandarine - Mangue;TR0249;5
tri-taste;Cola - Poire - Mangue;TR0250;5
tri-taste;Cola - Pruneaux - Mangue;TR0251;5
tri-taste;Cola - Banane - Mangue;TR0252;5
tri-taste;Cola - Coco - Mangue;TR0253;5
tri-taste;Cola - Menthe - Mangue;TR0254;5
tri-taste;Cola - Fraise des bois - Mangue;TR0255;5
tri-taste;Cola - Anis - Mangue;TR0256;5
tri-taste;Cola - Carotte - Mangue;TR0257;5
tri-taste;Cola - Menthe Forte - Mangue;TR0258;5
tri-taste;Cola - Raisin - Mangue;TR0259;5
tri-taste;Cola - Orange sanguine - Orange;TR0260;5
tri-taste;Cola - Mandarine - Orange;TR0261;5
tri-taste;Cola - Poire - Orange;TR0262;5
tri-taste;Cola - Pruneaux - Orange;TR0263;5
tri-taste;Cola - Banane - Orange;TR0264;5
tri-taste;Cola - Coco - Orange;TR0265;5
tri-taste;Cola - Menthe - Orange;TR0266;5
tri-taste;Cola - Fraise des bois - Orange;TR0267;5
tri-taste;Cola - Anis - Orange;TR0268;5
tri-taste;Cola - Carotte - Orange;TR0269;5
tri-taste;Cola - Menthe Forte - Orange;TR0270;5
tri-taste;Cola - Raisin - Orange;TR0271;5
tri-taste;Cola - Orange - Pamplemousse;TR0272;5
tri-taste;Cola - Orange sanguine - Pamplemousse;TR0273;5
tri-taste;Cola - Mandarine - Pamplemousse;TR0274;5
tri-taste;Cola - Poire - Pamplemousse;TR0275;5
tri-taste;Cola - Pruneaux - Pamplemousse;TR0276;5
tri-taste;Cola - Banane - Pamplemousse;TR0277;5
tri-taste;Cola - Coco - Pamplemousse;TR0278;5
tri-taste;Cola - Menthe - Pamplemousse;TR0279;5
tri-taste;Cola - Fraise des bois - Pamplemousse;TR0280;5
tri-taste;Cola - Anis - Pamplemousse;TR0281;5
tri-taste;Cola - Carotte - Pamplemousse;TR0282;5
tri-taste;Cola - Menthe Forte - Pamplemousse;TR0283;5
tri-taste;Cola - Raisin - Pamplemousse;TR0284;5
tri-taste;Cola - Mandarine - Orange sanguine;TR0285;5
tri-taste;Cola - Poire - Orange sanguine;TR0286;5
tri-taste;Cola - Pruneaux - Orange sanguine;TR0287;5
tri-taste;Cola - Banane - Orange sanguine;TR0288;5
tri-taste;Cola - Coco - Orange sanguine;TR0289;5
tri-taste;Cola - Menthe - Orange sanguine;TR0290;5
tri-taste;Cola - Fraise des bois - Orange sanguine;TR0291;5
tri-taste;Cola - Anis - Orange sanguine;TR0292;5
tri-taste;Cola - Carotte - Orange sanguine;TR0293;5
tri-taste;Cola - Menthe Forte - Orange sanguine;TR0294;5
tri-taste;Cola - Raisin - Orange sanguine;TR0295;5
tri-taste;Cola - Pruneaux - Poire;TR0296;5
tri-taste;Cola - Banane - Poire;TR0297;5
tri-taste;Cola - Coco - Poire;TR0298;5
tri-taste;Cola - Menthe - Poire;TR0299;5
tri-taste;Cola - Fraise des bois - Poire;TR0300;5
tri-taste;Cola - Anis - Poire;TR0301;5
tri-taste;Cola - Carotte - Poire;TR0302;5
tri-taste;Cola - Menthe Forte - Poire;TR0303;5
tri-taste;Cola - Raisin - Poire;TR0304;5
tri-taste;Cola - Poire - Mandarine;TR0305;5
tri-taste;Cola - Pruneaux - Mandarine;TR0306;5
tri-taste;Cola - Banane - Mandarine;TR0307;5
tri-taste;Cola - Coco - Mandarine;TR0308;5
tri-taste;Cola - Menthe - Mandarine;TR0309;5
tri-taste;Cola - Fraise des bois - Mandarine;TR0310;5
tri-taste;Cola - Anis - Mandarine;TR0311;5
tri-taste;Cola - Carotte - Mandarine;TR0312;5
tri-taste;Cola - Menthe Forte - Mandarine;TR0313;5
tri-taste;Cola - Raisin - Mandarine;TR0314;5
tri-taste;Cola - Banane - Pruneaux d'Agen;TR0315;5
tri-taste;Cola - Coco - Pruneaux d'Agen;TR0316;5
tri-taste;Cola - Menthe - Pruneaux d'Agen;TR0317;5
tri-taste;Cola - Fraise des bois - Pruneaux d'Agen;TR0318;5
tri-taste;Cola - Anis - Pruneaux d'Agen;TR0319;5
tri-taste;Cola - Carotte - Pruneaux d'Agen;TR0320;5
tri-taste;Cola - Menthe Forte - Pruneaux d'Agen;TR0321;5
tri-taste;Cola - Raisin - Pruneaux d'Agen;TR0322;5
tri-taste;Cola - Menthe - Coco;TR0323;5
tri-taste;Cola - Fraise des bois - Coco;TR0324;5
tri-taste;Cola - Anis - Coco;TR0325;5
tri-taste;Cola - Carotte - Coco;TR0326;5
tri-taste;Cola - Menthe Forte - Coco;TR0327;5
tri-taste;Cola - Raisin - Coco;TR0328;5
tri-taste;Cola - Coco - Banane;TR0329;5
tri-taste;Cola - Menthe - Banane;TR0330;5
tri-taste;Cola - Fraise des bois - Banane;TR0331;5
tri-taste;Cola - Anis - Banane;TR0332;5
tri-taste;Cola - Carotte - Banane;TR0333;5
tri-taste;Cola - Menthe Forte - Banane;TR0334;5
tri-taste;Cola - Raisin - Banane;TR0335;5
tri-taste;Cola - Carotte - Anis;TR0336;5
tri-taste;Cola - Menthe Forte - Anis;TR0337;5
tri-taste;Cola - Raisin - Anis;TR0338;5
tri-taste;Cola - Anis - Fraise des bois;TR0339;5
tri-taste;Cola - Carotte - Fraise des bois;TR0340;5
tri-taste;Cola - Menthe Forte - Fraise des bois;TR0341;5
tri-taste;Cola - Raisin - Fraise des bois;TR0342;5
tri-taste;Cola - Fraise des bois - Menthe;TR0343;5
tri-taste;Cola - Anis - Menthe;TR0344;5
tri-taste;Cola - Carotte - Menthe;TR0345;5
tri-taste;Cola - Menthe Forte - Menthe;TR0346;5
tri-taste;Cola - Raisin - Menthe;TR0347;5
tri-taste;Grenadine - Fraise - Cerise;TR0348;5
tri-taste;Grenadine - Pomme - Cerise;TR0349;5
tri-taste;Grenadine - Citron - Cerise;TR0350;5
tri-taste;Grenadine - Mangue - Cerise;TR0351;5
tri-taste;Grenadine - Pamplemousse - Cerise;TR0352;5
tri-taste;Grenadine - Orange - Cerise;TR0353;5
tri-taste;Grenadine - Orange sanguine - Cerise;TR0354;5
tri-taste;Grenadine - Mandarine - Cerise;TR0355;5
tri-taste;Grenadine - Poire - Cerise;TR0356;5
tri-taste;Grenadine - Pruneaux - Cerise;TR0357;5
tri-taste;Grenadine - Banane - Cerise;TR0358;5
tri-taste;Grenadine - Coco - Cerise;TR0359;5
tri-taste;Grenadine - Menthe - Cerise;TR0360;5
tri-taste;Grenadine - Fraise des bois - Cerise;TR0361;5
tri-taste;Grenadine - Anis - Cerise;TR0362;5
tri-taste;Grenadine - Carotte - Cerise;TR0363;5
tri-taste;Grenadine - Menthe Forte - Cerise;TR0364;5
tri-taste;Grenadine - Raisin - Cerise;TR0365;5
tri-taste;Grenadine - Pomme - Fraise;TR0366;5
tri-taste;Grenadine - Citron - Fraise;TR0367;5
tri-taste;Grenadine - Mangue - Fraise;TR0368;5
tri-taste;Grenadine - Pamplemousse - Fraise;TR0369;5
tri-taste;Grenadine - Orange - Fraise;TR0370;5
tri-taste;Grenadine - Orange sanguine - Fraise;TR0371;5
tri-taste;Grenadine - Mandarine - Fraise;TR0372;5
tri-taste;Grenadine - Poire - Fraise;TR0373;5
tri-taste;Grenadine - Pruneaux - Fraise;TR0374;5
tri-taste;Grenadine - Banane - Fraise;TR0375;5
tri-taste;Grenadine - Coco - Fraise;TR0376;5
tri-taste;Grenadine - Menthe - Fraise;TR0377;5
tri-taste;Grenadine - Fraise des bois - Fraise;TR0378;5
tri-taste;Grenadine - Anis - Fraise;TR0379;5
tri-taste;Grenadine - Carotte - Fraise;TR0380;5
tri-taste;Grenadine - Menthe Forte - Fraise;TR0381;5
tri-taste;Grenadine - Raisin - Fraise;TR0382;5
tri-taste;Grenadine - Mangue - Citron;TR0383;5
tri-taste;Grenadine - Pamplemousse - Citron;TR0384;5
tri-taste;Grenadine - Orange - Citron;TR0385;5
tri-taste;Grenadine - Orange sanguine - Citron;TR0386;5
tri-taste;Grenadine - Mandarine - Citron;TR0387;5
tri-taste;Grenadine - Poire - Citron;TR0388;5
tri-taste;Grenadine - Pruneaux - Citron;TR0389;5
tri-taste;Grenadine - Banane - Citron;TR0390;5
tri-taste;Grenadine - Coco - Citron;TR0391;5
tri-taste;Grenadine - Menthe - Citron;TR0392;5
tri-taste;Grenadine - Fraise des bois - Citron;TR0393;5
tri-taste;Grenadine - Anis - Citron;TR0394;5
tri-taste;Grenadine - Carotte - Citron;TR0395;5
tri-taste;Grenadine - Menthe Forte - Citron;TR0396;5
tri-taste;Grenadine - Raisin - Citron;TR0397;5
tri-taste;Grenadine - Citron - Pomme;TR0398;5
tri-taste;Grenadine - Mangue - Pomme;TR0399;5
tri-taste;Grenadine - Pamplemousse - Pomme;TR0400;5
tri-taste;Grenadine - Orange - Pomme;TR0401;5
tri-taste;Grenadine - Orange sanguine - Pomme;TR0402;5
tri-taste;Grenadine - Mandarine - Pomme;TR0403;5
tri-taste;Grenadine - Poire - Pomme;TR0404;5
tri-taste;Grenadine - Pruneaux - Pomme;TR0405;5
tri-taste;Grenadine - Banane - Pomme;TR0406;5
tri-taste;Grenadine - Coco - Pomme;TR0407;5
tri-taste;Grenadine - Menthe - Pomme;TR0408;5
tri-taste;Grenadine - Fraise des bois - Pomme;TR0409;5
tri-taste;Grenadine - Anis - Pomme;TR0410;5
tri-taste;Grenadine - Carotte - Pomme;TR0411;5
tri-taste;Grenadine - Menthe Forte - Pomme;TR0412;5
tri-taste;Grenadine - Raisin - Pomme;TR0413;5
tri-taste;Grenadine - Pamplemousse - Mangue;TR0414;5
tri-taste;Grenadine - Orange - Mangue;TR0415;5
tri-taste;Grenadine - Orange sanguine - Mangue;TR0416;5
tri-taste;Grenadine - Mandarine - Mangue;TR0417;5
tri-taste;Grenadine - Poire - Mangue;TR0418;5
tri-taste;Grenadine - Pruneaux - Mangue;TR0419;5
tri-taste;Grenadine - Banane - Mangue;TR0420;5
tri-taste;Grenadine - Coco - Mangue;TR0421;5
tri-taste;Grenadine - Menthe - Mangue;TR0422;5
tri-taste;Grenadine - Fraise des bois - Mangue;TR0423;5
tri-taste;Grenadine - Anis - Mangue;TR0424;5
tri-taste;Grenadine - Carotte - Mangue;TR0425;5
tri-taste;Grenadine - Menthe Forte - Mangue;TR0426;5
tri-taste;Grenadine - Raisin - Mangue;TR0427;5
tri-taste;Grenadine - Orange sanguine - Orange;TR0428;5
tri-taste;Grenadine - Mandarine - Orange;TR0429;5
tri-taste;Grenadine - Poire - Orange;TR0430;5
tri-taste;Grenadine - Pruneaux - Orange;TR0431;5
tri-taste;Grenadine - Banane - Orange;TR0432;5
tri-taste;Grenadine - Coco - Orange;TR0433;5
tri-taste;Grenadine - Menthe - Orange;TR0434;5
tri-taste;Grenadine - Fraise des bois - Orange;TR0435;5
tri-taste;Grenadine - Anis - Orange;TR0436;5
tri-taste;Grenadine - Carotte - Orange;TR0437;5
tri-taste;Grenadine - Menthe Forte - Orange;TR0438;5
tri-taste;Grenadine - Raisin - Orange;TR0439;5
tri-taste;Grenadine - Orange - Pamplemousse;TR0440;5
tri-taste;Grenadine - Orange sanguine - Pamplemousse;TR0441;5
tri-taste;Grenadine - Mandarine - Pamplemousse;TR0442;5
tri-taste;Grenadine - Poire - Pamplemousse;TR0443;5
tri-taste;Grenadine - Pruneaux - Pamplemousse;TR0444;5
tri-taste;Grenadine - Banane - Pamplemousse;TR0445;5
tri-taste;Grenadine - Coco - Pamplemousse;TR0446;5
tri-taste;Grenadine - Menthe - Pamplemousse;TR0447;5
tri-taste;Grenadine - Fraise des bois - Pamplemousse;TR0448;5
tri-taste;Grenadine - Anis - Pamplemousse;TR0449;5
tri-taste;Grenadine - Carotte - Pamplemousse;TR0450;5
tri-taste;Grenadine - Menthe Forte - Pamplemousse;TR0451;5
tri-taste;Grenadine - Raisin - Pamplemousse;TR0452;5
tri-taste;Grenadine - Mandarine - Orange sanguine;TR0453;5
tri-taste;Grenadine - Poire - Orange sanguine;TR0454;5
tri-taste;Grenadine - Pruneaux - Orange sanguine;TR0455;5
tri-taste;Grenadine - Banane - Orange sanguine;TR0456;5
tri-taste;Grenadine - Coco - Orange sanguine;TR0457;5
tri-taste;Grenadine - Menthe - Orange sanguine;TR0458;5
tri-taste;Grenadine - Fraise des bois - Orange sanguine;TR0459;5
tri-taste;Grenadine - Anis - Orange sanguine;TR0460;5
tri-taste;Grenadine - Carotte - Orange sanguine;TR0461;5
tri-taste;Grenadine - Menthe Forte - Orange sanguine;TR0462;5
tri-taste;Grenadine - Raisin - Orange sanguine;TR0463;5
tri-taste;Grenadine - Pruneaux - Poire;TR0464;5
tri-taste;Grenadine - Banane - Poire;TR0465;5
tri-taste;Grenadine - Coco - Poire;TR0466;5
tri-taste;Grenadine - Menthe - Poire;TR0467;5
tri-taste;Grenadine - Fraise des bois - Poire;TR0468;5
tri-taste;Grenadine - Anis - Poire;TR0469;5
tri-taste;Grenadine - Carotte - Poire;TR0470;5
tri-taste;Grenadine - Menthe Forte - Poire;TR0471;5
tri-taste;Grenadine - Raisin - Poire;TR0472;5
tri-taste;Grenadine - Poire - Mandarine;TR0473;5
tri-taste;Grenadine - Pruneaux - Mandarine;TR0474;5
tri-taste;Grenadine - Banane - Mandarine;TR0475;5
tri-taste;Grenadine - Coco - Mandarine;TR0476;5
tri-taste;Grenadine - Menthe - Mandarine;TR0477;5
tri-taste;Grenadine - Fraise des bois - Mandarine;TR0478;5
tri-taste;Grenadine - Anis - Mandarine;TR0479;5
tri-taste;Grenadine - Carotte - Mandarine;TR0480;5
tri-taste;Grenadine - Menthe Forte - Mandarine;TR0481;5
tri-taste;Grenadine - Raisin - Mandarine;TR0482;5
tri-taste;Grenadine - Banane - Pruneaux d'Agen;TR0483;5
tri-taste;Grenadine - Coco - Pruneaux d'Agen;TR0484;5
tri-taste;Grenadine - Menthe - Pruneaux d'Agen;TR0485;5
tri-taste;Grenadine - Fraise des bois - Pruneaux d'Agen;TR0486;5
tri-taste;Grenadine - Anis - Pruneaux d'Agen;TR0487;5
tri-taste;Grenadine - Carotte - Pruneaux d'Agen;TR0488;5
tri-taste;Grenadine - Menthe Forte - Pruneaux d'Agen;TR0489;5
tri-taste;Grenadine - Raisin - Pruneaux d'Agen;TR0490;5
tri-taste;Grenadine - Menthe - Coco;TR0491;5
tri-taste;Grenadine - Fraise des bois - Coco;TR0492;5
tri-taste;Grenadine - Anis - Coco;TR0493;5
tri-taste;Grenadine - Carotte - Coco;TR0494;5
tri-taste;Grenadine - Menthe Forte - Coco;TR0495;5
tri-taste;Grenadine - Raisin - Coco;TR0496;5
tri-taste;Grenadine - Coco - Banane;TR0497;5
tri-taste;Grenadine - Menthe - Banane;TR0498;5
tri-taste;Grenadine - Fraise des bois - Banane;TR0499;5
tri-taste;Grenadine - Anis - Banane;TR0500;5
tri-taste;Grenadine - Carotte - Banane;TR0501;5
tri-taste;Grenadine - Menthe Forte - Banane;TR0502;5
tri-taste;Grenadine - Raisin - Banane;TR0503;5
tri-taste;Grenadine - Carotte - Anis;TR0504;5
tri-taste;Grenadine - Menthe Forte - Anis;TR0505;5
tri-taste;Grenadine - Raisin - Anis;TR0506;5
tri-taste;Grenadine - Anis - Fraise des bois;TR0507;5
tri-taste;Grenadine - Carotte - Fraise des bois;TR0508;5
tri-taste;Grenadine - Menthe Forte - Fraise des bois;TR0509;5
tri-taste;Grenadine - Raisin - Fraise des bois;TR0510;5
tri-taste;Grenadine - Fraise des bois - Menthe;TR0511;5
tri-taste;Grenadine - Anis - Menthe;TR0512;5
tri-taste;Grenadine - Carotte - Menthe;TR0513;5
tri-taste;Grenadine - Menthe Forte - Menthe;TR0514;5
tri-taste;Grenadine - Raisin - Menthe;TR0515;5
